Supplier,Zip Code
A Stucki,60439
Air Incorporated,02038
AMI Bearings,01507
Ammega / Megadyne / Jason,07006
Anfield,30265
APG,77067
Bodine,52068
Bunting Bearings,43528
Climax,44060
Consolidated Bearings,07927
Dodge,38555
Eaton,29334
Fenner,17543
FilterMart,38503
Flodraulic Group,46140
FW Webb,02920
Graco,55327
Hamilton ,45011
Harwal,05641
Hydraulic Technologies,61109
Keyence,60143
Koehler,44131
Lenze,01569
M.J. Dunn,55060
Magnaloy,49707
Martin,30079
Martin Vibration Systems,48039
Mesco Corporation,02871
Palmer Johnson Power Systems,53590
Peer Chain,60085
PEMS (Precision Electric Motor Sales),60532
phd solution,46899
Power Brushes,43617
RBC,29010
Regal Rexnord,41042
Royal Bearing,97230
RS,76118
SAE,29526
Santa Clara Systems,94502
Schaeffler,38555
Simatec,28273
SKF,38555
Solve,55317
Superior Industries,56267
Take 5,93901
TCI Supply,19026
Timken,38555
Toshiba,30340
Tractel Solutions,77040
WEG,17072
Zoro,60661
Pacific International Bearing,94587
RAS,01007
Tsubaki,60090
Donaldson,47978
Newark,29341
Off Road,51247
Alpine,01862
Jet,37086